	Tissue_global	GSE_id	GSM_id	Age
AAACCTGCAAGTCTGT-1-GSM6614348	Colon	GSE214695	GSM6614348	61.0
AAACCCACAGGAGACT-1-GSM6614349	Colon	GSE214695	GSM6614349	63.0
AAACCCACAGAGATGC-1-GSM6614350	Colon	GSE214695	GSM6614350	68.0
AAACCCAAGCAAATCA-1-GSM6614351	Colon	GSE214695	GSM6614351	65.0
AAACCCAGTTCTTGTT-1-GSM6614352	Colon	GSE214695	GSM6614352	51.0
AAACCCAGTATCACCA-1-GSM6614353	Colon	GSE214695	GSM6614353	66.0
AAACCTGGTAAGAGAG-1-GSM7307102	Colon	GSE231993	GSM7307102	45.0
AAACCTGGTGTGACGA-1-GSM7307103	Colon	GSE231993	GSM7307103	38.0
AAACCTGAGATCCTGT-1-GSM7307104	Colon	GSE231993	GSM7307104	67.0
AAACCTGAGTTCGCAT-1-GSM7307105	Colon	GSE231993	GSM7307105	54.0
AAACCCAAGAGAGGGC-1-GSM8252464	Colon	GSE266616	GSM8252464	52.0
AAACCCAAGATAACAC-1-GSM8252466	Colon	GSE266616	GSM8252466	58.0
AAACCCAAGCGTTACT-1-GSM8252468	Colon	GSE266616	GSM8252468	55.0
AAACCCAAGTGTACAA-1-GSM8252470	Colon	GSE266616	GSM8252470	75.0
AAACCCAAGAACGCGT-1-GSM8252472	Colon	GSE266616	GSM8252472	57.0
AAACGAATCTCCCAAC-1-GSM8252474	Colon	GSE266616	GSM8252474	63.0
AAACCCACAATGAAAC-1-GSM8252476	Colon	GSE266616	GSM8252476	50.0
AAACGAACAGAACTAA-1-GSM8252497	Colon	GSE266616	GSM8252497	61.0
AAACGAAGTACCAGAG-1-GSM8252503	Colon	GSE266616	GSM8252503	50.0
AAACCCAAGATCCCAT-1-GSM8252505	Colon	GSE266616	GSM8252505	49.0
AAAGGGCAGAGTGTTA-1-GSM8252507	Colon	GSE266616	GSM8252507	45.0
AAACCCACAGAGATGC-1-GSM8252509	Colon	GSE266616	GSM8252509	43.0
AAACCCAGTGTACAGG-1-GSM8252510	Colon	GSE266616	GSM8252510	48.0
AAACCCAAGAGGTATT-1-GSM8252512	Colon	GSE266616	GSM8252512	38.0
AAACCCATCCGTATGA-1-GSM8252523	Colon	GSE266616	GSM8252523	51.0
AAACCCAAGACTGGGT-1-GSM8252527	Colon	GSE266616	GSM8252527	49.0
AAACGAATCACTGTCC-1-GSM8252541	Colon	GSE266616	GSM8252541	45.0
HCAHeart7656534_TACTCATTCTATCGCC-1	Heart_Cell	Heart_Cell	D3	58.0
HCAHeart7728604_CCGTTCAAGTTCGATC-1	Heart_Cell	Heart_Cell	D4	73.0
HCAHeart7745966_GCATGTAAGACCACGA-1	Heart_Cell	Heart_Cell	D5	68.0
HCAHeart7843999_GAAATGACAAACTGCT-1	Heart_Cell	Heart_Cell	D6	68.0
HCAHeart7850539_GTTCATTAGCGCCTCA	Heart_Cell	Heart_Cell	D7	63.0
HCAHeart8102858_TGCGACGCATCCAACA	Heart_Cell	Heart_Cell	D11	63.0
HCAHeartST11350186_HCAHeartST11121844_AATGTCATCTAACTGA-1	Heart_Nuclei	Heart_Nuclei	A61	73.0
HCAHeartST10773165_HCAHeartST10781062_ATAGCATGTCAATAGT-1	Heart_Nuclei	Heart_Nuclei	AH1	48.0
HCAHeartST13180615_HCAHeartST13177112_TGCCATTGTGAGGTAG-1	Heart_Nuclei	Heart_Nuclei	AH2	43.0
HCAHeartST13146207_HCAHeartST13129140_ACCCGTAAGCACAGCC-1	Heart_Nuclei	Heart_Nuclei	AV3	63.0
HCAHeartST13146201_HCAHeartST13129134_GTGAGGAGTCCCGGAA-1	Heart_Nuclei	Heart_Nuclei	AV10	23.0
HCAHeartST13189995_HCAHeartST13188800_TTTAGCTTCTACTAAG-1	Heart_Nuclei	Heart_Nuclei	AV13	73.0
HCAHeartST13146204_HCAHeartST13129137_GAAGGCCCAGCCAGTT-1	Heart_Nuclei	Heart_Nuclei	AV14	48.0
HCAHeart7664652_AGGTCCGGTTCAGTAC-1	Heart_Nuclei	Heart_Nuclei	D1	53.0
HCAHeart7656539_CACCACTAGACACTAA-1	Heart_Nuclei	Heart_Nuclei	D2	63.0
HCAHeart7664654_CTGGTCTGTATCGCAT-1	Heart_Nuclei	Heart_Nuclei	D3	58.0
HCAHeart7829978_ACGGCCACAGTAGAGC	Heart_Nuclei	Heart_Nuclei	D4	73.0
HCAHeart7835148_TCCACACAGGCTCAGA	Heart_Nuclei	Heart_Nuclei	D5	68.0
HCAHeart7880860_ACCTTTAGTGCGGTAA-1	Heart_Nuclei	Heart_Nuclei	D6	68.0
HCAHeart7888922_CGAACATTCCGCGGTA-1	Heart_Nuclei	Heart_Nuclei	D7	63.0
HCAHeart9845431_HCAHeart9917173_AGTCAAGAGAATCTCA-1	Heart_Nuclei	Heart_Nuclei	D8	48.0
HCAHeart8287123_CAGATCAGTCACCGCA	Heart_Nuclei	Heart_Nuclei	D11	63.0
H0026_apex_TGGAACTCAGAACATA	Heart_Nuclei	Heart_Nuclei	H2	53.0
H0025_apex_TATTGGGCAGCCGTTG	Heart_Nuclei	Heart_Nuclei	H3	53.0
H0037_Apex_TCCTAATAGCACGATG	Heart_Nuclei	Heart_Nuclei	H4	58.0
H0015_apex_CCCTTAGAGGGAGGAC	Heart_Nuclei	Heart_Nuclei	H5	53.0
H0020_apex_TTCATTGAGTCGGCAA	Heart_Nuclei	Heart_Nuclei	H6	43.0
H0035_apex_CGCATAAAGGAAAGAC	Heart_Nuclei	Heart_Nuclei	H7	48.0
AAACGGGCAGTACACT-1-GSM5229447	Ileum	GSE171620	GSM5229447	21.0
AAACGGGAGAGTCGGT-1-GSM5229448	Ileum	GSE171620	GSM5229448	21.0
AAACCTGAGTGTACGG-1-GSM5229449	Ileum	GSE171620	GSM5229449	56.0
AAACCTGTCTACCAGA-1-GSM5229450	Ileum	GSE171620	GSM5229450	56.0
AAACCTGCACAACGTT-1-GSM6090511	Ileum	GSE202052	GSM6090511	15.0
AAACGAACAGCAGTGA-1-GSM8252465	Ileum	GSE266616	GSM8252465	52.0
AAACCCAAGACTTCAC-1-GSM8252467	Ileum	GSE266616	GSM8252467	58.0
AAACCCACAGTCGGAA-1-GSM8252469	Ileum	GSE266616	GSM8252469	55.0
AAACGAACACGACGTC-1-GSM8252471	Ileum	GSE266616	GSM8252471	75.0
AAACCCAAGTCTGTAC-1-GSM8252473	Ileum	GSE266616	GSM8252473	57.0
AAACCCACACATCCCT-1-GSM8252475	Ileum	GSE266616	GSM8252475	63.0
AAACCCACAATGAAAC-1-GSM8252477	Ileum	GSE266616	GSM8252477	50.0
AAACCCACATCGGAGA-1-GSM8252498	Ileum	GSE266616	GSM8252498	61.0
AAACCCACAAACGAGC-1-GSM8252504	Ileum	GSE266616	GSM8252504	50.0
AAACCCAAGCAGCACA-1-GSM8252506	Ileum	GSE266616	GSM8252506	49.0
AAACCCAAGCCTGCCA-1-GSM8252508	Ileum	GSE266616	GSM8252508	45.0
AAACCCAAGTTACTCG-1-GSM8252511	Ileum	GSE266616	GSM8252511	48.0
AAACCCACACGCGGTT-1-GSM8252513	Ileum	GSE266616	GSM8252513	38.0
AAACGAATCGCTTACC-1-GSM8252524	Ileum	GSE266616	GSM8252524	51.0
AAACCCACAACCGCCA-1-GSM8252528	Ileum	GSE266616	GSM8252528	49.0
AAACCCATCAGCTGAT-1-GSM8252542	Ileum	GSE266616	GSM8252542	45.0
HK1585.SC_AAACCTGAGAAGGTTT-1_2	Kidney	GSE211785	HK1585.SC	69.0
HK1588.SC_AAACCTGAGCCACGCT-1_3	Kidney	GSE211785	HK1588.SC	57.0
HK1664_G.SC_AAACCTGAGTTTAGGA-1_13	Kidney	GSE211785	HK1664_G.SC	53.0
HK1664_T.SC_AAACCTGAGGCGCTCT-1_14	Kidney	GSE211785	HK1664_T.SC	53.0
HK1997.SC_AAACCTGAGCAGCGTA-1_15	Kidney	GSE211785	HK1997.SC	71.0
HK2662.SC_AAACGCTAGAACCGCA-1_16	Kidney	GSE211785	HK2662.SC	72.0
HK2713.SC_AAACCCAAGGACGCAT-1_17	Kidney	GSE211785	HK2713.SC	33.0
HK2833.SC_AAAGGATAGCAGGCTA-1_21	Kidney	GSE211785	HK2833.SC	72.0
HK2867.SC_AAACGAAAGGATGCGT-1_22	Kidney	GSE211785	HK2867.SC	44.0
HK2893.SC_AAACCCAAGTATGACA-1_24	Kidney	GSE211785	HK2893.SC	37.0
HK2895.SC_AAACCCAAGCTCCGAC-1_25	Kidney	GSE211785	HK2895.SC	66.0
HK2896.SC_AAACCCAAGCCGTAAG-1_26	Kidney	GSE211785	HK2896.SC	60.0
HK2923.SC_AAACCCAAGGTTCCAT-1_28	Kidney	GSE211785	HK2923.SC	64.0
HK2924.SC_AAACCCACACTTCCTG-1_29	Kidney	GSE211785	HK2924.SC	67.0
AAACCTGAGACTACAA-1-GSM4058900	Lung	GSE136831	GSM4058900	32.0
AAACCTGCATATGCTG-1-GSM4058901	Lung	GSE136831	GSM4058901	21.0
AAACCTGAGAGGGCTT-1-GSM4058902	Lung	GSE136831	GSM4058902	49.0
AAACCTGAGAGCCCAA-1-GSM4058903	Lung	GSE136831	GSM4058903	29.0
AAACCTGAGCACGCCT-1-GSM4058904	Lung	GSE136831	GSM4058904	32.0
AAACCTGAGATCGGGT-1-GSM4058906	Lung	GSE136831	GSM4058906	41.0
AAACCTGAGAGTCTGG-1-GSM4058907	Lung	GSE136831	GSM4058907	56.0
AAACCTGAGCACGCCT-1-GSM4058909	Lung	GSE136831	GSM4058909	80.0
AAACCTGAGAGTAATC-1-GSM4058910	Lung	GSE136831	GSM4058910	23.0
AAACCTGAGATGCGAC-1-GSM4058911	Lung	GSE136831	GSM4058911	65.0
AAACCTGAGGCAGTCA-1-GSM4058912	Lung	GSE136831	GSM4058912	64.0
AAACCTGAGAAGCCCA-1-GSM4058913	Lung	GSE136831	GSM4058913	29.0
AAACCTGAGCCACGTC-1-GSM4058914	Lung	GSE136831	GSM4058914	66.0
AAACCTGAGTAGCGGT-1-GSM4058915	Lung	GSE136831	GSM4058915	66.0
AAACCTGCAAGTCATC-1-GSM4058916	Lung	GSE136831	GSM4058916	61.0
AAACCTGAGAGCTGGT-1-GSM4058917	Lung	GSE136831	GSM4058917	62.0
AAACCTGTCACAGGCC-1-GSM4058918	Lung	GSE136831	GSM4058918	35.0
AAACCTGAGGCACATG-1-GSM4143262	Lung	GSE139534	GSM4143262	70.0
AAACCTGCAAATCCGT-1-GSM4143263	Lung	GSE139534	GSM4143263	70.0
AAACCTGAGAGGTTGC-1-GSM5133595	Lung	GSE168191	GSM5133595	52.0
AAACCTGAGAAGAAGC-1-GSM5133596	Lung	GSE168191	GSM5133596	52.0
AAACCTGGTCTCACCT-1-GSM5133597	Lung	GSE168191	GSM5133597	35.0
AAACCTGAGAGGGCTT-1-GSM5133598	Lung	GSE168191	GSM5133598	35.0
AAACCTGAGGAGCGAG-1-GSM5133599	Lung	GSE168191	GSM5133599	76.0
AAACCTGAGAGAGCTC-1-GSM5133600	Lung	GSE168191	GSM5133600	76.0
AAACCTGAGCGTCAAG-1-GSM5133603	Lung	GSE168191	GSM5133603	23.0
AAACCCAAGAGAGTTT-1-GSM5133604	Lung	GSE168191	GSM5133604	29.0
AAACCCAAGCGACTTT-1-GSM5388411	Lung	GSE178360	GSM5388411	45.0
AAACCCAAGTGGATAT-1-GSM5388412	Lung	GSE178360	GSM5388412	20.0
AAACCCAAGCCTCACG-1-GSM5388413	Lung	GSE178360	GSM5388413	21.0
AAACGGGAGCGGATCA-1-GSM6509492	Lung	GSE212109	GSM6509492	33.0
AAACCTGAGTAAGTAC-1-GSM6509493	Lung	GSE212109	GSM6509493	64.0
AAACCTGAGCCAGAAC-1-GSM6509494	Lung	GSE212109	GSM6509494	38.0
AAACCTGAGACCTAGG-1-GSM6509495	Lung	GSE212109	GSM6509495	62.0
AAACCTGCACAACGCC-1-GSM6509496	Lung	GSE212109	GSM6509496	63.0
AAACCTGGTCATGCCG-1-GSM6598817	Lung	GSE214085	GSM6598817	55.0
AAACCTGCACGGTAGA-1-GSM6598818	Lung	GSE214085	GSM6598818	57.0
AAACCTGAGCACGCCT-1-GSM6598824	Lung	GSE214085	GSM6598824	23.0
AAACGGGCACCGTTGG-1-GSM7103257	Lung	GSE227136	GSM7103257	47.0
AAACCTGTCATCATTC-1-GSM7103264	Lung	GSE227136	GSM7103264	64.0
AAACCTGGTTCTGGTA-1-GSM7103271	Lung	GSE227136	GSM7103271	58.0
AAACCTGTCGACAGCC-1-GSM7103275	Lung	GSE227136	GSM7103275	55.0
AAACCTGAGCTGAACG-1-GSM7103277	Lung	GSE227136	GSM7103277	64.0
AAACCTGTCCGGCACA-1-GSM7103278	Lung	GSE227136	GSM7103278	69.0
AAACCTGAGACCTAGG-1-GSM7103279	Lung	GSE227136	GSM7103279	55.0
AAACCTGAGCCGATTT-1-GSM7103280	Lung	GSE227136	GSM7103280	29.0
AAACCTGCAAATTGCC-1-GSM7103282	Lung	GSE227136	GSM7103282	49.0
AAACCTGTCACCGTAA-1-GSM7103295	Lung	GSE227136	GSM7103295	45.0
AAACCTGAGTGGTAAT-1-GSM7103305	Lung	GSE227136	GSM7103305	60.0
AAACCTGAGTGGGCTA-1-GSM7103306	Lung	GSE227136	GSM7103306	50.0
AAACGGGAGACCTAGG-1-GSM7103307	Lung	GSE227136	GSM7103307	44.0
AAACCTGAGACTAGAT-1-GSM7103316	Lung	GSE227136	GSM7103316	19.0
AAACCTGAGATCCTGT-1-GSM7103317	Lung	GSE227136	GSM7103317	40.0
AAACCTGAGAGGTTGC-1-GSM7103319	Lung	GSE227136	GSM7103319	60.0
AAACCTGTCACCGTAA-1-GSM7103320	Lung	GSE227136	GSM7103320	50.0
AAACCTGCAGCTTCGG-1-GSM7103334	Lung	GSE227136	GSM7103334	25.0
AAACCTGTCGCATGGC-1-GSM7135569	Lung	GSE227136	GSM7135569	35.0
AAACCTGAGAGCTGCA-1-GSM7135570	Lung	GSE227136	GSM7135570	57.0
AAACCTGCAATAACGA-1-GSM7135571	Lung	GSE227136	GSM7135571	53.0
AAACCTGAGTGCTGCC-1-GSM7135572	Lung	GSE227136	GSM7135572	54.0
AAACCTGTCTTGGGTA-1-GSM7135573	Lung	GSE227136	GSM7135573	40.0
AAACCTGAGGATATAC-1-GSM7135584	Lung	GSE227136	GSM7135584	34.0
AAACGGGAGTATTGGA-1-GSM7135585	Lung	GSE227136	GSM7135585	53.0
AAATGCCTCGTCGTTC-1-GSM7135599	Lung	GSE227136	GSM7135599	55.0
AAAGATGCAGGTCTCG-1-GSM7135600	Lung	GSE227136	GSM7135600	27.0
AAACCTGAGGCCGAAT-1-GSM3758115	Skin	GSE130973	GSM3758115	25.0
AAACCTGAGCCGCCTA-1-GSM3758116	Skin	GSE130973	GSM3758116	27.0
AAACCTGAGTGAACGC-1-GSM3758117	Skin	GSE130973	GSM3758117	53.0
AAACCTGAGTACCGGA-1-GSM3758118	Skin	GSE130973	GSM3758118	70.0
AAACCTGAGTCCGTAT-1-GSM4850587	Skin	GSE159929	GSM4850587	31.0
AAACCCAAGAGATCGC-1-GSM5364333	Skin	GSE176415	GSM5364333	69.0
AAACCCACAAGTGGTG-1-GSM5364334	Skin	GSE176415	GSM5364334	53.0
AAACCCAAGCTCGGCT-1-GSM5364335	Skin	GSE176415	GSM5364335	23.0
AAACCCAAGCCTAGGA-1-GSM5364336	Skin	GSE176415	GSM5364336	28.0
AAACCCACACCAAAGG-1-GSM5494683	Skin	GSE181316	GSM5494683	33.0
AAACCCAAGAGGGCGA-1-GSM5520735	Skin	GSE182208	GSM5520735	37.0
AAACCCAAGAGATCGC-1-GSM5520736	Skin	GSE182208	GSM5520736	69.0
AAACCCAAGACTTCGT-1-GSM5520737	Skin	GSE182208	GSM5520737	70.0
AAACCCAAGCCTGTGC-1-GSM5520738	Skin	GSE182208	GSM5520738	54.0
AAACCCAGTATGAGCG-1-GSM5520739	Skin	GSE182208	GSM5520739	65.0
AAACCCAAGGAGGCAG-1-GSM5520740	Skin	GSE182208	GSM5520740	46.0
AAACCTGAGGCGCTCT-1-GSM6544084	Skin	GSE212721	GSM6544084	58.0
AAACCTGAGCACACAG-1-GSM6544085	Skin	GSE212721	GSM6544085	41.0
AAACCTGAGCGATAGC-1-GSM6544086	Skin	GSE212721	GSM6544086	24.0
AAACCCAAGACATAGT-1-GSM7244918	Skin	GSE230842	GSM7244918	23.0
AAACCCACAGCGTAGA-1-GSM7244919	Skin	GSE230842	GSM7244919	32.0
AAACCCAAGCAAACAT-1-GSM7244920	Skin	GSE230842	GSM7244920	32.0
AAACCTGCATGCATGT-1-HRS118996	Skin	HRA000395	HRS118996	18.0
AAAGTAGCAAAGTCAA-1-HRS118997	Skin	HRA000395	HRS118997	22.0
AAACCTGGTATCTGCA-1-HRS118998	Skin	HRA000395	HRS118998	23.0
AAACCTGAGCGTCTAT-1-HRS119000	Skin	HRA000395	HRS119000	47.0
AAACCTGCACGACGAA-1-HRS119001	Skin	HRA000395	HRS119001	48.0
AAACCTGAGTACGACG-1-HRS119002	Skin	HRA000395	HRS119002	70.0
